"original_id","vocalization","mean","Confident","NeedsReview","NuConfToVer","NuNeedsRevToVer"
"LEYE","Call",0.665694996178707,14,0,14,0
"LEYE","Song",0.665694996178707,7,0,7,0
"YERA","Call",0.66892696805642,1,0,1,0
"EVGR","Call",0.684894969625034,5,0,5,0
"REKN","Call",0.738546497034448,0,1,0,1
"SBDO","Song",0.832282729932204,4,0,4,0
"HASP","Song",0.859966886022254,12,0,12,0
"RUBL","Call",0.912818783344299,2,1,2,1
"RUBL","Song",0.912818783344299,5,0,5,0
"STSA","Song",0.915302034746712,1,0,1,0
"HUGO","Song",0.917165611048782,3,0,3,0
"TRUS","Call",0.926804247825955,0,2,0,2
"EWPW","Song",0.935501755498974,1,0,1,0
"CAWA","Song",0.947916328673024,5,0,5,0
"CONI","Call",0.993375416125782,24,1,15,1
"CONI","Non-vocal",0.993375416125782,1,0,1,0
"CONI","Song",0.993375416125782,39,0,15,0
"BBWA","Song",0.201059187549539,1,0,1,0
"CMWA","Song",0.25541967033817,1,0,1,0
"MALL","Call",0.490685135485009,3,1,3,1
"SPGR","Song",0.535299632366645,3,0,3,0
"DOWO","Call",0.569509024479432,3,0,3,0
"DOWO","Song",0.569509024479432,0,1,0,1
"BRBL","Call",0.581656636093519,0,1,0,1
"BLPW","Song",0.611095095643985,6,0,6,0
"SAVS","Song",0.640696274544672,8,0,8,0
"BBCU","Song",0.670046373547552,5,0,5,0
"BRCR","Call",0.670163414495254,1,0,1,0
"BRCR","Song",0.670163414495254,1,0,1,0
"FOTE","Call",0.683376413500382,0,1,0,1
"MAWA","Song",0.713577423310985,11,1,11,1
"NOPI","Call",0.731344197843686,4,0,4,0
"HAWO","Call",0.737373039693338,1,0,1,0
"HAWO","Song",0.737373039693338,0,1,0,1
"BBPL","Call",0.738546497034448,1,0,1,0
"NRWS","Call",0.738546497034448,1,0,1,0
"SAND","Call",0.738546497034448,1,0,1,0
"PHVI","Song",0.741903054709656,1,0,1,0
"REVI","Call",0.748603416789979,0,1,0,1
"REVI","Song",0.748603416789979,4,0,4,0
"CAJA","Call",0.750377018663678,5,1,5,1
"BBWO","Call",0.750407791827053,1,0,1,0
"BAWW","Song",0.751372868324097,9,0,9,0
"SPPE","Song",0.758457160410267,4,0,4,0
"GCFL","Call",0.76465646027771,0,1,0,1
"GCFL","Song",0.76465646027771,1,0,1,0
"AMCO","Call",0.779139196948111,0,2,0,2
"LALO","Call",0.787488556596996,1,0,1,0
"LALO","Song",0.787488556596996,5,2,5,2
"PAWA","Song",0.789843189984722,12,1,12,1
"SCTA","Call",0.79499449190798,0,1,0,1
"SCTA","Song",0.79499449190798,2,0,2,0
"GCTH","Call",0.805640454945476,3,0,3,0
"GCTH","Song",0.805640454945476,3,0,3,0
"PALO","Call",0.807487976057676,1,0,1,0
"REDP","Song",0.807487976057676,1,0,1,0
"RESQ","Call",0.808591944293307,9,1,9,1
"RESQ","Song",0.808591944293307,2,0,2,0
"LEFL","Call",0.823275319513501,1,0,1,0
"LEFL","Song",0.823275319513501,2,0,2,0
"FRGU","Call",0.824468230832453,1,0,1,0
"GWTE","Call",0.825161444908736,3,0,3,0
"NOWA","Song",0.830248210764324,6,3,6,3
"SMLO","Call",0.834308804964165,1,0,1,0
"SMLO","Song",0.834308804964165,9,0,9,0
"BLBW","Song",0.834332254474759,8,1,8,1
"BAOR","Call",0.835502003858442,1,0,1,0
"BAOR","Song",0.835502003858442,4,1,4,1
"AMGP","Call",0.837465432962894,5,1,5,1
"AMGP","Song",0.837465432962894,2,0,2,0
"CORA","Call",0.838363992410412,11,1,11,1
"WBBE","Song",0.850521041587881,1,0,1,0
"OCWA","Song",0.860409394337763,3,0,3,0
"BAOW","Song",0.86083582523167,4,0,4,0
"BEAV","Song",0.862803407673171,1,0,1,0
"MOWA","Song",0.866482396125824,7,5,7,5
"PBGR","Song",0.869315431895697,4,0,4,0
"RCKI","Call",0.878499868729703,1,0,1,0
"RCKI","Song",0.878499868729703,10,0,10,0
"NOFL","Call",0.884323369205646,1,0,1,0
"BCCH","Song",0.884425857432506,1,0,1,0
"BOOW","Song",0.886250280408232,0,1,0,1
"GRYE","Call",0.887262379317395,2,0,2,0
"GRYE","Song",0.887262379317395,6,1,6,1
"TRES","Call",0.887626150329005,3,0,3,0
"WIPT","Song",0.888400671069051,11,0,11,0
"RBGR","Song",0.894707077863261,6,1,6,1
"YBFL","Call",0.89551965026966,1,0,1,0
"YBFL","Song",0.89551965026966,6,0,6,0
"SPSA","Call",0.898533117087791,1,0,1,0
"GHOW","Song",0.900075291649322,0,1,0,1
"RNGR","Call",0.903159452626223,1,1,1,1
"RNGR","Song",0.903159452626223,2,0,2,0
"CCSP","Song",0.911313997430966,9,0,9,0
"LISP","Song",0.914775946670755,11,0,11,0
"NSHR","Call",0.915302034746712,1,0,1,0
"SEOW","Call",0.915302034746712,0,1,0,1
"WETA","Song",0.915302034746712,1,0,1,0
"LESC","Song",0.916238531724621,2,0,2,0
"YBSA","Call",0.92026291454305,6,1,6,1
"YBSA","Song",0.92026291454305,2,0,2,0
"SOSA","Song",0.920692278903968,1,0,1,0
"SACR","Call",0.92269121000147,10,0,10,0
"MAWR","Call",0.924689345347245,1,0,1,0
"MAWR","Song",0.924689345347245,1,0,1,0
"NESP","Song",0.926963335977468,0,1,0,1
"PISI","Call",0.929035239781992,4,0,4,0
"BOCH","Song",0.933768944715474,1,0,1,0
"BLJA","Call",0.935181167058101,2,0,2,0
"WILL","Call",0.936266707354839,1,0,1,0
"ALFL","Call",0.940394712020458,4,1,4,1
"ALFL","Song",0.940394712020458,3,1,3,1
"BOGU","Call",0.943076552843259,7,0,7,0
"EAKI","Call",0.945729846260697,1,1,1,1
"EAKI","Song",0.945729846260697,1,0,1,0
"SEWR","Song",0.950072512764611,4,0,4,0
"BTNW","Song",0.964293315696039,1,0,1,0
"WIWR","Song",0.97679341482727,4,0,4,0
"UNGU","Call",0.738546497034448,0,1,0,1
"UNFL","Call",0.740884093743184,2,0,2,0
"UNYE","Call",0.745518337176148,4,0,4,0
"UNFR","Song",0.807487976057676,1,0,1,0
"UNSP","Song",0.807487976057676,1,0,1,0
"UNWT","Call",0.807487976057676,1,0,1,0
"UNWO","Call",0.814372634135211,0,1,0,1
"UNWO","Non-vocal",0.814372634135211,1,0,1,0
"UNWO","Song",0.814372634135211,1,0,1,0
"UNTR","Song",0.820841133454516,10,2,5,2
"UNDU","Call",0.860923650380409,4,1,4,1
"UNDU","Non-vocal",0.860923650380409,1,1,1,1
"UNWA","Song",0.888029074479655,12,3,5,3
"UNBI","Call",0.88847772571802,31,3,5,3
"UNBI","Non-vocal",0.88847772571802,12,0,5,0
"UNBI","Song",0.88847772571802,1,2,1,2
"UNKN","Call",0.88987080849258,1,2,1,2
"UNKN","Song",0.88987080849258,0,1,0,1
"UNMA","Call",0.892320258601404,2,1,2,1
"UNMA","Non-vocal",0.892320258601404,0,1,0,1
"UNDV","Song",0.896332661944544,1,0,1,0
"UNBL","Call",0.901822843278426,3,1,3,1
"UNOW","Song",0.915302034746712,1,0,1,0
"UNTH","Call",0.915302034746712,1,0,1,0
"UNFI","Call",0.916238531724621,2,0,2,0
"UNPA","Call",0.942472839857135,64,4,5,4
"UNPA","Non-vocal",0.942472839857135,9,0,5,0
"UNPA","Song",0.942472839857135,15,8,5,8
"SOSP","Song",0.56036396987513,21,0,15,0
"DEJU","Song",0.673838477575001,26,0,15,0
"CHSP","Song",0.726024541241022,21,1,15,1
"WCSP","Song",0.755968873582953,30,0,15,0
"YEWA","Song",0.771772871216762,27,0,15,0
"YRWA","Song",0.792780937889911,50,2,15,2
"AMRE","Song",0.795640900980786,57,6,15,6
"MODO","Song",0.81356914065318,18,0,15,0
"GRTF","Song",0.825799276402933,20,0,15,0
"SORA","Song",0.826982764171312,6,0,6,0
"AMCR","Song",0.828622031458507,1,0,1,0
"SWSP","Song",0.831622600468102,38,1,15,1
"WHIM","Song",0.846911940050977,15,0,15,0
"CSWA","Song",0.850471668583878,16,5,15,5
"LTDU","Song",0.852092523757668,15,0,15,0
"NAWA","Song",0.862802870988694,26,0,15,0
"ATSP","Song",0.862946661200738,22,0,15,0
"RWBL","Song",0.863103984979625,39,0,15,0
"WOFR","Song",0.867984900922447,15,2,15,2
"FOSP","Song",0.877184646022761,48,0,15,0
"AMRO","Song",0.891353130684976,66,4,15,4
"COLO","Song",0.895717790736493,12,0,12,0
"TEWA","Song",0.917125801474063,36,0,15,0
"COYE","Song",0.922547313649766,79,0,15,0
"AMBI","Song",0.928899979531002,33,0,15,0
"WISN","Song",0.948932763283117,67,1,15,1
"BCFR","Song",0.959457025705087,51,2,15,2
"VEER","Song",0.962929894760205,64,0,15,0
"LCSP","Song",0.964862527501551,22,0,15,0
"OVEN","Song",0.973935697599287,75,0,15,0
"RUGR","Song",0.980623191994471,52,0,15,0
"WTSP","Song",0.981583404291225,133,0,15,0
"SWTH","Song",0.992575619271091,189,0,15,0
"HETH","Song",0.994052537962166,261,0,15,0
"ABBE","Non-vocal",0.807487976057676,1,0,1,0
"PIWO","Non-vocal",0.829238008391437,1,0,1,0
"WBBE","Non-vocal",0.850521041587881,4,0,4,0
"BEAV","Non-vocal",0.862803407673171,1,0,1,0
"WISN","Non-vocal",0.948932763283117,2,0,2,0
"RUGR","Non-vocal",0.980623191994471,10,1,10,1
"MODO","Call",0.81356914065318,2,0,2,0
"SORA","Call",0.826982764171312,11,0,11,0
"AMCR","Call",0.828622031458507,15,0,15,0
"WHIM","Call",0.846911940050977,11,0,11,0
"LTDU","Call",0.852092523757668,4,0,4,0
"RWBL","Call",0.863103984979625,20,2,15,2
"WOFR","Call",0.867984900922447,0,1,0,1
"AMRO","Call",0.891353130684976,44,0,15,0
"COLO","Call",0.895717790736493,22,3,15,3
"CEDW","Call",0.922300394885378,21,1,15,1
"AMBI","Call",0.928899979531002,1,0,1,0
"CANG","Call",0.937633450071686,54,1,15,1
"WISN","Call",0.948932763283117,14,0,14,0
"VEER","Call",0.962929894760205,34,0,15,0
"WTSP","Call",0.981583404291225,1,0,1,0
"SWTH","Call",0.992575619271091,27,0,15,0
"HETH","Call",0.994052537962166,6,0,6,0
