spp,scientific_name,common_name,WJSpecID,Scientific,Scientific2,logphi,logtau,logphiSE,logtauSE,mass,logmass,MaxFreqkHz,Migr,Nesthm,habitat,food,behavior,Mig,Mig2,Hab2,Hab3,Hab4,xMaxFreqkHz
ALFL,Empidonax alnorum,Alder Flycatcher,6038,Empidonax alnorum,Empidonax alnorum,-1.137945957,-0.198378833,0.014675889,0.004889344,12.7,2.541601993,6.4,Neotropical migrant,1,Scrub,Insects,Flycatching,LD,M,Open,Open,Open,0.64
AMCR,Corvus brachyrhynchos,American Crow,8093,Corvus brachyrhynchos,Corvus brachyrhynchos,-1.358034727,0.612686282,0.015709843,0.005527432,448.76,6.106488224,1.62,Short distance migrant,8,Open Woodland,Omnivore,Ground Forager,SD,M,Closed,Wood,Wood,0.162
AMGO,Spinus tristis,American Goldfinch,12332,Carduelis tristis,Carduelis tristis,-2.175263335,-0.232910954,0.072527863,0.004557227,12.79,2.548663616,8.25,Short distance migrant,2,Open Woodland,Seeds,Foliage Gleaner,SD,M,Closed,Wood,Wood,0.825
AMPI,Anthus rubescens,American Pipit,11885,Anthus rubescens,Anthus rubescens,-1.668653784,0.090456593,0.120898015,0.115101415,20.68,3.02916705,8,Neotropical migrant,0,Grassland,Insects,Ground Forager,LD,M,Open,Open,Open,0.8
AMRE,Setophaga ruticilla,American Redstart,12720,Setophaga ruticilla,Setophaga ruticilla,-1.168670827,-0.537880528,0.014177743,0.004739129,8.24,2.109000344,8,Neotropical migrant,2,Forest,Insects,Foliage Gleaner,LD,M,Closed,For,For,0.8
AMRO,Turdus migratorius,American Robin,9007,Turdus migratorius,Turdus migratorius,-1.455855553,-0.064830161,0.013005831,0.002999971,78.5,4.363098625,4,Short distance migrant,2,Open Woodland,Insects,Ground Forager,SD,M,Closed,Wood,Wood,0.4
ATSP,Spizella arborea,American Tree Sparrow,12559,Spizella arborea,Spizella arborea,-1.42951471,-0.038798248,0.041856532,0.036538145,17.83,2.880882432,6.5,Short distance migrant,0,Open Woodland,Seeds,Ground Forager,SD,M,Closed,Wood,Wood,0.65
ATTW,Picoides dorsalis,American Three-toed Woodpecker,969,Picoides dorsalis,Picoides dorsalis,-1.851888706,-0.17753881,0.118969243,0.02446162,55.05,4.008241863,3.2,Resident,5.6,Forest,Insects,Bark Forager,WR,W,Closed,For,For,0.32
BANS,Riparia riparia,Bank Swallow,10052,Riparia riparia,Riparia riparia,-1.573476231,0.046053736,0.140568838,0.008774342,12.68,2.540025949,7,Neotropical migrant,3,Lake/Pond,Insects,Aerial Forager,LD,M,Open,Open,Wet,0.7
BAOR,Icterus galbula,Baltimore Oriole,13379,Icterus galbula,Icterus galbula,-1.502030931,-0.178985462,0.077669673,0.010250118,32.83,3.491342732,3.9,Neotropical migrant,8,Open Woodland,Insects,Foliage Gleaner,LD,M,Closed,Wood,Wood,0.39
BARS,Hirundo rustica,Barn Swallow,10074,Hirundo rustica,Hirundo rustica,-2.072450765,-0.084050143,0.176121481,0.00598917,17.91,2.885359216,7,Neotropical migrant,2,Grassland,Insects,Aerial Forager,LD,M,Open,Open,Open,0.7
BAWW,Mniotilta varia,Black-and-white Warbler,12719,Mniotilta varia,Mniotilta varia,-1.411147565,-0.481337681,0.019126647,0.005867878,10.9,2.388762789,9,Neotropical migrant,0,Forest,Insects,Bark Forager,LD,M,Closed,For,For,0.9
BBCU,Coccyzus erythropthalmus,Black-billed Cuckoo,1857,Coccyzus erythropthalmus,Coccyzus erythropthalmus,-2.074500357,0.261067936,0.145616951,0.025650746,50.9,3.929862924,2.5,Neotropical migrant,1,Forest,Insects,Foliage Gleaner,LD,M,Closed,For,For,0.25
BBMA,Pica hudsonia,Black-billed Magpie,8057,Pica pica,Pica pica,-1.464100425,0.698876939,0.045011523,0.091414146,217.48,5.382106892,6,Resident,4,Open Woodland,Omnivore,Ground Forager,WR,W,Closed,Wood,Wood,0.6
BBWA,Setophaga castanea,Bay-breasted Warbler,12712,Dendroica castanea,Dendroica castanea,-1.225892769,-0.909184247,0.030151461,0.008807359,11.8,2.468099531,9,Neotropical migrant,4,Forest,Insects,Foliage Gleaner,LD,M,Closed,For,For,0.9
BBWO,Picoides arcticus,Black-backed Woodpecker,970,Picoides arcticus,Picoides arcticus,-1.624423867,-0.31263234,0.101563873,0.025342094,69.24,4.23757873,12,Resident,4,Forest,Insects,Bark Forager,WR,W,Closed,For,For,1.2
BCCH,Poecile atricapillus,Black-capped Chickadee,9881,Parus atricapillus,Parus atricapillus,-1.773486077,-0.36751624,0.023999515,0.004494779,10.8,2.379546134,3.2,Resident,2,Forest,Insects,Foliage Gleaner,WR,W,Closed,For,For,0.32
BEKI,Megaceryle alcyon,Belted Kingfisher,1641,Megaceryle alcyon,Megaceryle alcyon,-2.713838186,0.014080008,0.501247278,0.024263367,148,4.997212274,9,Short distance migrant,4,Lake/Pond,Fish,Aerial Dive,SD,M,Open,Open,Wet,0.9
BHCO,Molothrus ater,Brown-headed Cowbird,13450,Molothrus ater,Molothrus ater,-1.588462704,-0.346686137,0.030599237,0.007338508,40.26,3.69535842,12,Short distance migrant,2,Grassland,Seeds,Ground Forager,SD,M,Open,Open,Open,1.2
BHVI,Vireo solitarius,Blue-headed Vireo,7787,Vireo solitarius,Vireo solitarius,-1.513962524,-0.386747519,0.029165746,0.006863098,15.3,2.727852828,6,Short distance migrant,3,Forest,Insects,Foliage Gleaner,SD,M,Closed,For,For,0.6
BLBW,Setophaga fusca,Blackburnian Warbler,12701,Dendroica fusca,Dendroica fusca,-1.311605762,-0.533668248,0.019881635,0.007682219,9.74,2.276241118,11.5,Neotropical migrant,9,Forest,Insects,Foliage Gleaner,LD,M,Closed,For,For,1.15
BLJA,Cyanocitta cristata,Blue Jay,7977,Cyanocitta cristata,Cyanocitta cristata,-1.853170038,0.20746091,0.020894957,0.005234588,88,4.477336814,3.2,Resident,4,Forest,Omnivore,Ground Forager,WR,W,Closed,For,For,0.32
BLPW,Setophaga striata,Blackpoll Warbler,12713,Dendroica striata,Dendroica striata,-1.336337844,-0.747494093,0.064719831,0.014712557,11.84,2.471483629,10.225,Neotropical migrant,2,Forest,Insects,Foliage Gleaner,LD,M,Closed,For,For,1.0225
BOCH,Poecile hudsonicus,Boreal Chickadee,9888,Parus hudsonicus,Parus hudsonicus,-1.974106848,-0.807762165,0.058521177,0.010458778,9.8,2.282382386,7.7,Resident,3,Forest,Insects,Foliage Gleaner,WR,W,Closed,For,For,0.77
BOWA,Bombycilla garrulus,Bohemian Waxwing,8766,Bombycilla garrulus,Bombycilla garrulus,-2.892420772,-0.67683597,0.595020915,0.035650711,54.41,3.99654796,10,Nomadic,8,Forest,Insects,Foliage Gleaner,WR,W,Closed,For,For,1
BRBL,Euphagus cyanocephalus,Brewer's Blackbird,13443,Euphagus cyanocephalus,Euphagus cyanocephalus,-1.265293247,0.088360155,0.064773265,0.037344873,62.48,4.134846506,6.7,Short distance migrant,0,Town,Seeds,Ground Forager,SD,M,Open,Open,Open,0.67
BRCR,Certhia americana,Brown Creeper,9656,Certhia americana,Certhia americana,-1.712877888,-0.708414704,0.03899825,0.008782049,8.1,2.091864062,8.5,Resident,3,Forest,Insects,Bark Forager,WR,W,Closed,For,For,0.85
BRTH,Toxostoma rufum,Brown Thrasher,9583,Toxostoma rufum,Toxostoma rufum,-1.2590054,0.078792024,0.066839968,0.018760453,68.8,4.231203745,6.5,Short distance migrant,1,Scrub,Omnivore,Ground Forager,SD,M,Open,Open,Open,0.65
BTBW,Setophaga caerulescens,Black-throated Blue Warbler,12691,Dendroica caerulescens,Dendroica caerulescens,-1.414005824,-0.359503496,0.049174313,0.007694754,10.14,2.316487998,6,Neotropical migrant,0,Forest,Insects,Foliage Gleaner,LD,M,Closed,For,For,0.6
BTNW,Setophaga virens,Black-throated Green Warbler,12699,Dendroica virens,Dendroica virens,-1.247235773,-0.317090069,0.014438842,0.00406362,8.69,2.162172939,8,Neotropical migrant,5,Forest,Insects,Foliage Gleaner,LD,M,Closed,For,For,0.8
BWWA,Vermivora cyanoptera,Blue-winged Warbler,12668,Vermivora pinus,Vermivora pinus,-1.451799371,-0.510300229,0.147590863,0.056013498,8.9,2.186051277,6.8,Neotropical migrant,0,Open Woodland,Insects,Foliage Gleaner,LD,M,Closed,Wood,Wood,0.68
CAWA,Cardellina canadensis,Canada Warbler,12753,Wilsonia canadensis,Wilsonia canadensis,-1.203638079,-0.464010754,0.022246521,0.008687445,10.04,2.306577114,7.39,Neotropical migrant,0,Forest,Insects,Foliage Gleaner,LD,M,Closed,For,For,0.739
CCSP,Spizella pallida,Clay-colored Sparrow,12562,Spizella pallida,Spizella pallida,-0.772393979,-0.474206084,0.014607665,0.010566395,11.2,2.415913778,5.5,Neotropical migrant,1,Scrub,Seeds,Foliage Gleaner,LD,M,Open,Open,Open,0.55
CEDW,Bombycilla cedrorum,Cedar Waxwing,8768,Bombycilla cedrorum,Bombycilla cedrorum,-2.169146149,-0.461876697,0.057893282,0.005854397,31.58,3.452524009,8.5,Short distance migrant,2,Open Woodland,Fruit,Foliage Gleaner,SD,M,Closed,Wood,Wood,0.85
CHSP,Spizella passerina,Chipping Sparrow,12560,Spizella passerina,Spizella passerina,-1.267196822,-0.355149604,0.01166722,0.003340714,12.2,2.501435952,5.98,Short distance migrant,2,Open Woodland,Seeds,Ground Forager,SD,M,Closed,Wood,Wood,0.598
CLSW,Petrochelidon pyrrhonota,Cliff Swallow,10121,Petrochelidon pyrrhonota,Petrochelidon pyrrhonota,-1.48520559,-0.263952536,0.126939823,0.017497614,21.6,3.072693315,7,Neotropical migrant,4,Lake/Pond,Insects,Aerial Forager,LD,M,Open,Open,Wet,0.7
CMWA,Setophaga tigrina,Cape May Warbler,12690,Dendroica tigrina,Dendroica tigrina,-1.287485462,-0.849089299,0.035948101,0.013656911,10.04,2.306577114,8.65,Neotropical migrant,11,Forest,Insects,Foliage Gleaner,LD,M,Closed,For,For,0.865
COGR,Quiscalus quiscula,Common Grackle,13439,Quiscalus quiscula,Quiscalus quiscula,-1.492820346,-0.114690339,0.128510726,0.003934797,105.18,4.655673168,4,Short distance migrant,3,Open Woodland,Omnivore,Ground Forager,SD,M,Closed,Wood,Wood,0.4
CONW,Oporornis agilis,Connecticut Warbler,12729,Oporornis agilis,Oporornis agilis,-0.842706836,-0.349268209,0.029584012,0.007154651,13.3,2.587764035,16,Neotropical migrant,0,Forest,Insects,Ground Forager,LD,M,Closed,For,For,1.6
CORA,Corvus corax,Common Raven,8124,Corvus corax,Corvus corax,-1.642479367,0.442037597,0.024298442,0.008725153,927.97,6.832999405,4,Resident,17,Mountains,Omnivore,Ground Forager,WR,W,Open,Open,Open,0.4
COYE,Geothlypis trichas,Common Yellowthroat,12733,Geothlypis trichas,Geothlypis trichas,-1.173765787,-0.178959363,0.014417683,0.004649993,9.54,2.255493485,6.3,Short distance migrant,0,Scrub,Insects,Foliage Gleaner,SD,M,Open,Open,Open,0.63
CSWA,Setophaga pensylvanica,Chestnut-sided Warbler,12688,Dendroica pensylvanica,Dendroica pensylvanica,-1.21457615,-0.239024975,0.010996167,0.00476709,9.29,2.228938553,7.5,Neotropical migrant,1,Open Woodland,Insects,Foliage Gleaner,LD,M,Closed,Wood,Wood,0.75
DEJU,Junco hyemalis,Dark-eyed Junco,12529,Junco hyemalis,Junco hyemalis,-1.504142787,-0.3838905,0.016675925,0.004250245,19.5,2.970414466,8.2,Short distance migrant,0,Forest,Seeds,Ground Forager,SD,M,Closed,For,For,0.82
DOWO,Picoides pubescens,Downy Woodpecker,960,Picoides pubescens,Picoides pubescens,-2.220961417,-0.274465147,0.099974841,0.012537879,25.55,3.240637317,4.25,Resident,6,Forest,Insects,Bark Forager,WR,W,Closed,For,For,0.425
DUNL,Calidris alpina,Dunlin,4135,Calidris alpina,Calidris alpina,-2.458917523,0.292589016,0.838646005,0.122267883,51.89,3.949126093,3.5,Short distance migrant,0,Shore-line,Insects,Probing,SD,M,Open,Open,Wet,0.35
EABL,Sialia sialis,Eastern Bluebird,8871,Sialia sialis,Sialia sialis,-2.649169806,-0.142009285,0.522188427,0.026771227,27.5,3.314186005,3.5,Short distance migrant,3,Grassland,Insects,Ground Forager,SD,M,Open,Open,Open,0.35
EAKI,Tyrannus tyrannus,Eastern Kingbird,6195,Tyrannus tyrannus,Tyrannus tyrannus,-1.412043615,-0.171564719,0.081270935,0.010386495,39.85,3.685122405,8.2,Neotropical migrant,3,Grassland,Insects,Flycatching,LD,M,Open,Open,Open,0.82
EAPH,Sayornis phoebe,Eastern Phoebe,6052,Sayornis phoebe,Sayornis phoebe,-1.682305703,-0.082111254,0.134686399,0.0148613,19.7,2.980618636,5,Short distance migrant,2,Open Woodland,Insects,Flycatching,SD,M,Closed,Wood,Wood,0.5
EATO,Pipilo erythrophthalmus,Eastern Towhee,12602,Pipilo erythrophthalmus,Pipilo erythrophthalmus,-1.307443253,-0.02981131,0.046264421,0.024391798,40.03,3.689629173,9,Short distance migrant,1.5,Scrub,Omnivore,Ground Forager,SD,M,Open,Open,Open,0.9
EAWP,Contopus virens,Eastern Wood-Pewee,6028,Contopus virens,Contopus virens,-1.184362548,0.127139756,0.018890362,0.009719839,13.9,2.63188884,5,Neotropical migrant,7,Forest,Insects,Flycatching,LD,M,Closed,For,For,0.5
EUST,Sturnus vulgaris,European Starling,9510,Sturnus vulgaris,Sturnus vulgaris,-1.118491399,0.062117751,0.06829231,0.003158379,77.14,4.345621953,6,Short distance migrant,6,Town,Insects,Ground Forager,SD,M,Open,Open,Open,0.6
EVGR,Coccothraustes vespertinus,Evening Grosbeak,12417,Coccothraustes vespertinus,Coccothraustes vespertinus,-2.115998206,-0.226185653,0.112288491,0.015933214,57.3,4.048300624,4.2,Nomadic,12,Forest,Seeds,Ground Forager,WR,W,Closed,For,For,0.42
FISP,Spizella pusilla,Field Sparrow,12565,Spizella pusilla,Spizella pusilla,-1.700732034,0.210845875,0.156194468,0.021470695,12.5,2.525728644,4.1,Short distance migrant,1,Scrub,Insects,Ground Forager,SD,M,Open,Open,Open,0.41
FOSP,Passerella iliaca,Fox Sparrow,12511,Passerella iliaca,Passerella iliaca,-1.552051878,0.172202958,0.037241526,0.014744519,33.25,3.504054767,7,Short distance migrant,0,Forest,Insects,Ground Forager,SD,M,Closed,For,For,0.7
GCFL,Myiarchus crinitus,Great Crested Flycatcher,6168,Myiarchus crinitus,Myiarchus crinitus,-1.785031987,0.111371531,0.050821624,0.009309655,32.1,3.46885603,3.5,Neotropical migrant,3,Open Woodland,Insects,Flycatching,LD,M,Closed,Wood,Wood,0.35
GCKI,Regulus satrapa,Golden-crowned Kinglet,10163,Regulus satrapa,Regulus satrapa,-1.605866137,-0.85951704,0.029753693,0.007628718,6.19,1.822935087,9.5,Short distance migrant,10,Forest,Insects,Foliage Gleaner,SD,M,Closed,For,For,0.95
GCSP,Zonotrichia atricapilla,Golden-crowned Sparrow,12527,Zonotrichia atricapilla,Zonotrichia atricapilla,-1.604663487,0.238033376,0.12489864,0.080313946,31.99,3.465423354,5.5,Short distance migrant,0,Scrub,Insects,Ground Forager,SD,M,Open,Open,Open,0.55
GCTH,Catharus minimus,Gray-cheeked Thrush,8903,Catharus minimus,Catharus minimus,-1.53951234,-0.046466048,0.083067934,0.024834396,31.58,3.452524009,7.5,Neotropical migrant,2,Forest,Insects,Ground Forager,LD,M,Closed,For,For,0.75
GRAJ,Perisoreus canadensis,Gray Jay,8036,Perisoreus canadensis,Perisoreus canadensis,-1.884209487,-0.379982872,0.026077655,0.005703342,71.58,4.270815705,1.8,Resident,4,Forest,Omnivore,Ground Forager,WR,W,Closed,For,For,0.18
GRCA,Dumetella carolinensis,Gray Catbird,9557,Dumetella carolinensis,Dumetella carolinensis,-1.548434347,-0.250597186,0.062469068,0.012334931,35.3,3.563882964,9,Short distance migrant,1,Open Woodland,Insects,Ground Forager,SD,M,Closed,Wood,Wood,0.9
GRYE,Tringa melanoleuca,Greater Yellowlegs,4096,Tringa melanoleuca,Tringa melanoleuca,-1.363430929,0.056507517,0.052634836,0.022482428,161.74,5.085990108,3.45,Short distance migrant,0,Marsh,Insects,Probing,SD,M,Open,Open,Wet,0.345
GWWA,Vermivora chrysoptera,Golden-winged Warbler,12669,Vermivora chrysoptera,Vermivora chrysoptera,-1.540415596,-0.236231432,0.057793265,0.028539164,8.74,2.16791019,8.5,Neotropical migrant,0,Open Woodland,Insects,Foliage Gleaner,LD,M,Closed,Wood,Wood,0.85
HAFL,Empidonax hammondii,Hammond's Flycatcher,6043,Empidonax hammondii,Empidonax hammondii,-1.269897571,-0.665004708,0.082907069,0.020749345,10.44,2.345644582,7,Neotropical migrant,8,Forest,Insects,Flycatching,LD,M,Closed,For,For,0.7
HAWO,Picoides villosus,Hairy Woodpecker,965,Picoides villosus,Picoides villosus,-2.016019075,-0.324389534,0.062900352,0.009864548,62.65,4.137563681,5.5,Resident,8,Forest,Insects,Bark Forager,WR,W,Closed,For,For,0.55
HETH,Catharus guttatus,Hermit Thrush,8909,Catharus guttatus,Catharus guttatus,-1.130590631,0.03810442,0.009320686,0.004088913,30.1,3.404525172,6.5,Short distance migrant,0,Open Woodland,Insects,Ground Forager,SD,M,Closed,Wood,Wood,0.65
HOLA,Eremophila alpestris,Horned Lark,11535,Eremophila alpestris,Eremophila alpestris,-0.709079268,-0.039101176,0.020075006,0.014049181,33.33,3.506457892,7,Short distance migrant,0,Grassland,Seeds,Ground Forager,SD,M,Open,Open,Open,0.7
HOSP,Passer domesticus,House Sparrow,11753,Passer domesticus,Passer domesticus,-0.802978747,-0.180967914,0.054042209,0.007040065,26.51,3.27752202,5,Resident,4,Town,Seeds,Ground Forager,WR,W,Open,Open,Open,0.5
HOWR,Troglodytes aedon,House Wren,9753,Troglodytes aedon,Troglodytes aedon,-0.873191151,-0.099498261,0.024499904,0.010593191,10.85,2.38416508,8,Neotropical migrant,2,Open Woodland,Insects,Foliage Gleaner,LD,M,Closed,Wood,Wood,0.8
INBU,Passerina cyanea,Indigo Bunting,13313,Passerina cyanea,Passerina cyanea,-1.42744229,-0.093884982,0.044767836,0.011660197,14.69,2.68716699,8,Neotropical migrant,1,Open Woodland,Insects,Foliage Gleaner,LD,M,Closed,Wood,Wood,0.8
KILL,Charadrius vociferus,Killdeer,4241,Charadrius vociferus,Charadrius vociferus,-1.53531492,0.085823355,0.065245848,0.010605786,96.44,4.568921053,2.58,Short distance migrant,0,Grassland,Insects,Ground Forager,SD,M,Open,Open,Open,0.258
LALO,Calcarius lapponicus,Lapland Longspur,12505,Calcarius lapponicus,Calcarius lapponicus,-1.196846609,-0.215448169,0.109167798,0.026319779,27.84,3.326473835,5,Short distance migrant,0,Grassland,Insects,Ground Forager,SD,M,Open,Open,Open,0.5
LCSP,Ammodramus leconteii,Le Conte's Sparrow,12551,Ammodramus leconteii,Ammodramus leconteii,-0.530945204,-0.430627688,0.034632761,0.017248219,13,2.564949357,11,Short distance migrant,0,Grassland,Insects,Ground Forager,SD,M,Open,Open,Open,1.1
LEFL,Empidonax minimus,Least Flycatcher,6042,Empidonax minimus,Empidonax minimus,-0.873797758,-0.524398039,0.0099294,0.004038183,10,2.302585093,7.5,Neotropical migrant,6,Forest,Insects,Flycatching,LD,M,Closed,For,For,0.75
LEYE,Tringa flavipes,Lesser Yellowlegs,4097,Tringa flavipes,Tringa flavipes,-1.800417945,0.245829211,0.077685449,0.022432496,77.5,4.350277936,2.79,Short distance migrant,0,Marsh,Insects,Probing,SD,M,Open,Open,Wet,0.279
LISP,Melospiza lincolnii,Lincoln's Sparrow,12519,Melospiza lincolnii,Melospiza lincolnii,-1.185978775,-0.355564635,0.017885825,0.005946719,16.6,2.809402695,7,Short distance migrant,0,Scrub,Insects,Ground Forager,SD,M,Open,Open,Open,0.7
MAWA,Setophaga magnolia,Magnolia Warbler,12689,Dendroica magnolia,Dendroica magnolia,-1.274338124,-0.45177655,0.014770186,0.004099896,8.14,2.09679018,7.5,Neotropical migrant,1,Forest,Insects,Foliage Gleaner,LD,M,Closed,For,For,0.75
MAWR,Cistothorus palustris,Marsh Wren,9708,Cistothorus palustris,Cistothorus palustris,-0.978997203,-0.193985707,0.118288256,0.039467558,10.8,2.379546134,9,Short distance migrant,1,Marsh,Insects,Ground Forager,SD,M,Open,Open,Wet,0.9
MOBL,Sialia currucoides,Mountain Bluebird,8873,Sialia currucoides,Sialia currucoides,-1.508690789,-1.130656887,0.298137969,0.070196221,29.6,3.387774361,3,Short distance migrant,8,Open Woodland,Insects,Flycatching,SD,M,Closed,Wood,Wood,0.3
MODO,Zenaida macroura,Mourning Dove,3439,Zenaida macroura,Zenaida macroura,-1.452843869,0.065624717,0.049395559,0.006080891,118.93,4.778535085,0.47,Short distance migrant,2,Open Woodland,Seeds,Ground Forager,SD,M,Closed,Wood,Wood,0.047
MOWA,Geothlypis philadelphia,Mourning Warbler,12730,Oporornis philadelphia,Oporornis philadelphia,-1.204217784,-0.400601571,0.016461136,0.004700128,11.74,2.463001814,5.458,Neotropical migrant,0,Forest,Insects,Foliage Gleaner,LD,M,Closed,For,For,0.5458
NAWA,Oreothlypis ruficapilla,Nashville Warbler,12672,Vermivora ruficapilla,Vermivora ruficapilla,-1.09498446,-0.23231117,0.008429576,0.00363981,8.09,2.090628731,9.25,Neotropical migrant,0,Forest,Insects,Foliage Gleaner,LD,M,Closed,For,For,0.925
NESP,Ammodramus nelsoni,Nelson's Sparrow,12544,Ammodramus nelsoni,Ammodramus nelsoni,-1.347601976,-0.130605501,0.162688831,0.100308361,15.11,2.715356776,7.3,Neotropical migrant,0,Marsh,Insects,Ground Forager,LD,M,Open,Open,Wet,0.73
NOFL,Colaptes auratus,Northern Flicker,1001,Colaptes auratus,Colaptes auratus,-2.106080986,0.078974236,0.051948326,0.00783522,131.46,4.878702623,3.35,Short distance migrant,7,Open Woodland,Insects,Ground Forager,SD,M,Closed,Wood,Wood,0.335
NOPA,Setophaga americana,Northern Parula,12678,Parula americana,Parula americana,-1.442662771,-0.280485861,0.02938099,0.012161901,7.84,2.059238834,8,Neotropical migrant,9,Forest,Insects,Foliage Gleaner,LD,M,Closed,For,For,0.8
NOWA,Parkesia noveboracensis,Northern Waterthrush,12725,Seiurus noveboracensis,Seiurus noveboracensis,-1.37952096,-0.067114484,0.029052486,0.008761093,16.3,2.791165108,9,Neotropical migrant,0,Forest,Insects,Ground Forager,LD,M,Closed,For,For,0.9
OCWA,Oreothlypis celata,Orange-crowned Warbler,12671,Vermivora celata,Vermivora celata,-1.58577627,-0.461370462,0.034556152,0.010691092,9.19,2.218115936,8.5,Short distance migrant,0,Forest,Insects,Foliage Gleaner,SD,M,Closed,For,For,0.85
OSFL,Contopus cooperi,Olive-sided Flycatcher,6019,Contopus cooperi,Contopus cooperi,-1.270644509,0.032459588,0.042237938,0.014513384,32.1,3.46885603,3.8,Neotropical migrant,8,Open Woodland,Insects,Flycatching,LD,M,Closed,Wood,Wood,0.38
OVEN,Seiurus aurocapilla,Ovenbird,12724,Seiurus aurocapilla,Seiurus aurocapilla,-0.949371889,-0.129133287,0.004670229,0.00205068,18.8,2.93385687,8,Neotropical migrant,0,Forest,Insects,Ground Forager,LD,M,Closed,For,For,0.8
PAWA,Setophaga palmarum,Palm Warbler,12711,Dendroica palmarum,Dendroica palmarum,-1.090720974,-0.502404539,0.021490893,0.009184116,10.3,2.332143895,8,Neotropical migrant,0,Open Woodland,Insects,Ground Forager,LD,M,Closed,Wood,Wood,0.8
PHVI,Vireo philadelphicus,Philadelphia Vireo,7790,Vireo philadelphicus,Vireo philadelphicus,-1.058239942,-0.524662501,0.0522704,0.010482324,11.5,2.442347035,7,Neotropical migrant,9,Forest,Insects,Foliage Gleaner,LD,M,Closed,For,For,0.7
PIGR,Pinicola enucleator,Pine Grosbeak,12387,Pinicola enucleator,Pinicola enucleator,-2.312347904,-0.262466837,0.30504884,0.03364047,56.4,4.032469159,4.5,Nomadic,4,Open Woodland,Seeds,Foliage Gleaner,WR,W,Closed,Wood,Wood,0.45
PISI,Spinus pinus,Pine Siskin,12318,Carduelis pinus,Carduelis pinus,-1.750004081,-0.686166229,0.034574069,0.008290088,12.7,2.541601993,8,Short distance migrant,5,Open Woodland,Seeds,Foliage Gleaner,SD,M,Closed,Wood,Wood,0.8
PIWA,Setophaga pinus,Pine Warbler,12706,Dendroica pinus,Dendroica pinus,-1.43297262,-0.116862393,0.031571698,0.012297711,11.79,2.467251715,5.7,Short distance migrant,12,Forest,Insects,Bark Forager,SD,M,Closed,For,For,0.57
PIWO,Dryocopus pileatus,Pileated Woodpecker,1021,Dryocopus pileatus,Dryocopus pileatus,-2.102183403,0.319157378,0.062835732,0.014087007,286.59,5.658052623,6,Resident,10,Forest,Insects,Bark Forager,WR,W,Closed,For,For,0.6
PUFI,Carpodacus purpureus,Purple Finch,12367,Carpodacus purpureus,Carpodacus purpureus,-2.203429048,-0.291925108,0.100517947,0.012708296,23.3,3.148453361,6,Short distance migrant,4,Forest,Seeds,Foliage Gleaner,SD,M,Closed,For,For,0.6
RBGR,Pheucticus ludovicianus,Rose-breasted Grosbeak,13275,Pheucticus ludovicianus,Pheucticus ludovicianus,-1.364361975,-0.109249018,0.015770694,0.004973807,42,3.737669618,9,Neotropical migrant,3,Forest,Insects,Foliage Gleaner,LD,M,Closed,For,For,0.9
RBNU,Sitta canadensis,Red-breasted Nuthatch,9634,Sitta canadensis,Sitta canadensis,-1.832802792,-0.236530142,0.025811776,0.004977805,9.8,2.282382386,8,Resident,6,Forest,Insects,Bark Forager,WR,W,Closed,For,For,0.8
RCKI,Regulus calendula,Ruby-crowned Kinglet,10158,Regulus calendula,Regulus calendula,-1.251039314,-0.244370279,0.012675026,0.004092372,6.19,1.822935087,7,Short distance migrant,5,Forest,Insects,Foliage Gleaner,SD,M,Closed,For,For,0.7
RECR,Loxia curvirostra,Red Crossbill,12392,Loxia curvirostra,Loxia curvirostra,-1.344994769,-0.529058754,0.103671984,0.031789759,38.29,3.645188765,6,Nomadic,8,Forest,Seeds,Foliage Gleaner,WR,W,Closed,For,For,0.6
REVI,Vireo olivaceus,Red-eyed Vireo,7791,Vireo olivaceus,Vireo olivaceus,-0.976260368,-0.155054089,0.005617975,0.002254994,16.06,2.776331709,6,Neotropical migrant,2,Forest,Insects,Foliage Gleaner,LD,M,Closed,For,For,0.6
ROSA,Calidris ptilocnemis,Rock Sandpiper,4134,Calidris ptilocnemis,Calidris ptilocnemis,-1.456999865,0.311292355,0.17168101,0.0681308,81.32,4.398391989,7,Short distance migrant,0,Shore-line,Insects,Probing,SD,M,Open,Open,Wet,0.7
RTHU,Archilochus colubris,Ruby-throated Hummingbird,2791,Archilochus colubris,Archilochus colubris,-2.821621193,-0.765056804,0.362803676,0.03212855,3.09,1.128171091,6,Neotropical migrant,4,Open Woodland,Nectar,Hovering,LD,M,Closed,Wood,Wood,0.6
RUBL,Euphagus carolinus,Rusty Blackbird,13442,Euphagus carolinus,Euphagus carolinus,-1.852253477,-0.181267753,0.117174161,0.026756993,59.57,4.087152092,9.5,Short distance migrant,1,Forest,Insects,Ground Forager,SD,M,Closed,For,For,0.95
RUGR,Bonasa umbellus,Ruffed Grouse,434,Bonasa umbellus,Bonasa umbellus,-1.294566321,-0.009848058,0.030679081,0.010028092,530.91,6.274592515,4,Resident,0,Forest,Omnivore,Foliage Gleaner,WR,W,Closed,For,For,0.4
RWBL,Agelaius phoeniceus,Red-winged Blackbird,13402,Agelaius phoeniceus,Agelaius phoeniceus,-0.930613389,-0.020314839,0.015553387,0.003092277,50.78,3.927502576,6,Short distance migrant,1,Marsh,Insects,Ground Forager,SD,M,Open,Open,Wet,0.6
SAVS,Passerculus sandwichensis,Savannah Sparrow,12534,Passerculus sandwichensis,Passerculus sandwichensis,-0.762454118,-0.090690812,0.012978126,0.005857882,19.97,2.994231147,10,Short distance migrant,0,Grassland,Insects,Ground Forager,SD,M,Open,Open,Open,1
SCTA,Piranga olivacea,Scarlet Tanager,12915,Piranga olivacea,Piranga olivacea,-1.647943789,0.027812669,0.034476439,0.013247178,28.2,3.339321978,5,Neotropical migrant,6,Forest,Insects,Foliage Gleaner,LD,M,Closed,For,For,0.5
SEWR,Cistothorus platensis,Sedge Wren,9703,Cistothorus platensis,Cistothorus platensis,-1.252518305,-0.032475093,0.084540634,0.043411929,9.04,2.201659174,7.8,Short distance migrant,0,Marsh,Insects,Ground Forager,SD,M,Open,Open,Wet,0.78
SOSA,Tringa solitaria,Solitary Sandpiper,4098,Tringa solitaria,Tringa solitaria,-2.308817225,-0.185168225,0.168822255,0.029070619,48.4,3.879499814,5.8,Neotropical migrant,7,Marsh,Insects,Probing,LD,M,Open,Open,Wet,0.58
SOSP,Melospiza melodia,Song Sparrow,12517,Melospiza melodia,Melospiza melodia,-1.233578807,-0.127564736,0.021074291,0.004117443,21.91,3.086943154,9,Short distance migrant,0,Open Woodland,Insects,Ground Forager,SD,M,Closed,Wood,Wood,0.9
SPGR,Falcipennis canadensis,Spruce Grouse,417,Dendragapus canadensis,Dendragapus canadensis,-1.495354115,-0.735370345,0.235107328,0.054933374,473.65,6.160468652,6,Resident,0,Forest,Plants,Foliage Gleaner,WR,W,Closed,For,For,0.6
SPSA,Actitis macularius,Spotted Sandpiper,4104,Actitis macularius,Actitis macularius,-1.734465859,-0.048175925,0.100892202,0.029496439,40.4,3.698829785,5.426,Neotropical migrant,0,Shore-line,Small Animals,Probing,LD,M,Open,Open,Wet,0.5426
SWSP,Melospiza georgiana,Swamp Sparrow,12521,Melospiza georgiana,Melospiza georgiana,-1.381500724,-0.177039045,0.029039422,0.007557183,16.1,2.778819272,7.66,Short distance migrant,2,Marsh,Insects,Ground Forager,SD,M,Open,Open,Wet,0.766
SWTH,Catharus ustulatus,Swainson's Thrush,8906,Catharus ustulatus,Catharus ustulatus,-1.119127861,-0.175625894,0.008625615,0.002750863,30.3,3.411147713,6.05,Neotropical migrant,2,Forest,Insects,Foliage Gleaner,LD,M,Closed,For,For,0.605
TEWA,Oreothlypis peregrina,Tennessee Warbler,12670,Vermivora peregrina,Vermivora peregrina,-0.796669539,-0.518521001,0.00776488,0.002540533,8.9,2.186051277,10,Neotropical migrant,0,Forest,Insects,Foliage Gleaner,LD,M,Closed,For,For,1
TOSO,Myadestes townsendi,Townsend's Solitaire,8880,Myadestes townsendi,Myadestes townsendi,-2.092713451,-0.799172384,0.352529957,0.026688113,33.2,3.502549876,5.5,Short distance migrant,0,Open Woodland,Insects,Flycatching,SD,M,Closed,Wood,Wood,0.55
TOWA,Setophaga townsendi,Townsend's Warbler,12697,Dendroica townsendi,Dendroica townsendi,-2.091671552,-0.344078275,0.144168916,0.021978405,8.84,2.179286877,8.2,Neotropical migrant,11,Forest,Insects,Foliage Gleaner,LD,M,Closed,For,For,0.82
TRES,Tachycineta bicolor,Tree Swallow,9992,Tachycineta bicolor,Tachycineta bicolor,-1.482223761,-0.062066195,0.055011718,0.006682618,21.2,3.054001182,5.95,Neotropical migrant,4,Lake/Pond,Insects,Aerial Forager,LD,M,Open,Open,Wet,0.595
UPSA,Bartramia longicauda,Upland Sandpiper,4090,Bartramia longicauda,Bartramia longicauda,-1.810759175,0.350558199,0.120218354,0.039078961,158.92,5.068400931,4,Neotropical migrant,0,Grassland,Insects,Ground Forager,LD,M,Open,Open,Open,0.4
VATH,Ixoreus naevius,Varied Thrush,8836,Zoothera naevia,Zoothera naevia,-1.379707429,0.018782443,0.033764963,0.011284908,77.5,4.350277936,5.85,Short distance migrant,6,Forest,Insects,Ground Forager,SD,M,Closed,For,For,0.585
VEER,Catharus fuscescens,Veery,8902,Catharus fuscescens,Catharus fuscescens,-1.327409527,0.011533165,0.01267197,0.005127528,31.9,3.46260601,5.6,Neotropical migrant,0,Forest,Insects,Ground Forager,LD,M,Closed,For,For,0.56
VESP,Pooecetes gramineus,Vesper Sparrow,12568,Pooecetes gramineus,Pooecetes gramineus,-0.630372959,0.133788397,0.016803023,0.020134892,25.68,3.245712479,6.85,Short distance migrant,0,Grassland,Insects,Ground Forager,SD,M,Open,Open,Open,0.685
WAVI,Vireo gilvus,Warbling Vireo,7803,Vireo gilvus,Vireo gilvus,-1.099469632,-0.299399048,0.027822765,0.007542145,12.67,2.539236994,6.9,Neotropical migrant,8,Open Woodland,Insects,Foliage Gleaner,LD,M,Closed,Wood,Wood,0.69
WBNU,Sitta carolinensis,White-breasted Nuthatch,9636,Sitta carolinensis,Sitta carolinensis,-1.899846341,-0.227106129,0.058185283,0.013856122,21,3.044522438,2.9,Resident,5,Forest,Insects,Bark Forager,WR,W,Closed,For,For,0.29
WCSP,Zonotrichia leucophrys,White-crowned Sparrow,12526,Zonotrichia leucophrys,Zonotrichia leucophrys,-1.325756175,0.06614307,0.023313698,0.013470569,28,3.33220451,7,Short distance migrant,1,Scrub,Insects,Ground Forager,SD,M,Open,Open,Open,0.7
WETA,Piranga ludoviciana,Western Tanager,12916,Piranga ludoviciana,Piranga ludoviciana,-1.239502309,-0.312713969,0.026467567,0.006828731,28.1,3.335769576,4.42,Neotropical migrant,11,Forest,Insects,Foliage Gleaner,LD,M,Closed,For,For,0.442
WEWP,Contopus sordidulus,Western Wood-Pewee,6027,Contopus sordidulus,Contopus sordidulus,-1.183738337,-0.317708689,0.049006327,0.015785635,13.1,2.57261223,5.25,Neotropical migrant,8,Open Woodland,Insects,Flycatching,LD,M,Closed,Wood,Wood,0.525
WIPT,Lagopus lagopus,Willow Ptarmigan,423,Lagopus lagopus,Lagopus lagopus,-2.863188036,0.573115843,0.514145201,0.158365979,566.86,6.34011236,7,Resident,0,Scrub,Plants,Foliage Gleaner,WR,W,Open,Open,Open,0.7
WISN,Gallinago delicata,Wilson's Snipe,4051,Gallinago gallinago,Gallinago gallinago,-1.270372714,0.205792986,0.020502274,0.009865401,112.94,4.726856704,2.4,Neotropical migrant,0,Marsh,Insects,Probing,LD,M,Open,Open,Wet,0.24
WIWA,Cardellina pusilla,Wilson's Warbler,12752,Wilsonia pusilla,Wilsonia pusilla,-1.369867657,-0.500177093,0.032315037,0.012121123,6.96,1.940179474,8.1,Neotropical migrant,0,Scrub,Insects,Foliage Gleaner,LD,M,Open,Open,Open,0.81
WIWR,Troglodytes hiemalis,Winter Wren,9750,Troglodytes troglodytes,Troglodytes troglodytes,-1.056269066,-0.049381964,0.013693046,0.00425941,9.74,2.276241118,9,Short distance migrant,1,Forest,Insects,Ground Forager,SD,M,Closed,For,For,0.9
WOTH,Hylocichla mustelina,Wood Thrush,8910,Hylocichla mustelina,Hylocichla mustelina,-1.187224168,0.174654193,0.037844148,0.012922673,50.09,3.913821387,4.43,Neotropical migrant,2,Forest,Insects,Ground Forager,LD,M,Closed,For,For,0.443
WTSP,Zonotrichia albicollis,White-throated Sparrow,12524,Zonotrichia albicollis,Zonotrichia albicollis,-1.199845448,-0.075175622,0.00673809,0.002087481,24.4,3.194583132,6.6,Short distance migrant,0,Forest,Seeds,Ground Forager,SD,M,Closed,For,For,0.66
WWCR,Loxia leucoptera,White-winged Crossbill,12397,Loxia leucoptera,Loxia leucoptera,-2.050216042,-0.374976808,0.05169876,0.008048096,28.69,3.35654863,6.2,Nomadic,12,Forest,Seeds,Foliage Gleaner,WR,W,Closed,For,For,0.62
YBCU,Coccyzus americanus,Yellow-billed Cuckoo,1858,Coccyzus americanus,Coccyzus americanus,-1.866122988,0.069125942,0.176215966,0.068841277,64,4.158883083,0.9,Neotropical migrant,2,Open Woodland,Insects,Foliage Gleaner,LD,M,Closed,Wood,Wood,0.09
YBFL,Empidonax flaviventris,Yellow-bellied Flycatcher,6036,Empidonax flaviventris,Empidonax flaviventris,-1.301434463,-0.318147582,0.021162723,0.007193762,11.8,2.468099531,4,Neotropical migrant,0,Forest,Insects,Flycatching,LD,M,Closed,For,For,0.4
YBSA,Sphyrapicus varius,Yellow-bellied Sapsucker,900,Sphyrapicus varius,Sphyrapicus varius,-1.866099675,-0.145433348,0.023995949,0.004829916,50.3,3.918005077,2.41,Short distance migrant,8,Forest,Insects,Bark Forager,SD,M,Closed,For,For,0.241
YEWA,Setophaga petechia,Yellow Warbler,12683,Dendroica petechia,Dendroica petechia,-1.111997064,-0.358642188,0.020141071,0.004961969,10.22,2.324346585,6.75,Neotropical migrant,1,Open Woodland,Insects,Foliage Gleaner,LD,M,Closed,Wood,Wood,0.675
YHBL,Xanthocephalus xanthocephalus,Yellow-headed Blackbird,13397,Xanthocephalus xanthocephalus,Xanthocephalus xanthocephalus,-0.818925667,-0.120444955,0.054696946,0.104191561,62.68,4.138042417,7.3,Neotropical migrant,0,Marsh,Insects,Ground Forager,LD,M,Open,Open,Wet,0.73
YRWA,Setophaga coronata,Yellow-rumped Warbler,12692,Dendroica coronata,Dendroica coronata,-1.247879434,-0.525826363,0.008156612,0.002304119,11.94,2.479894108,5.8,Short distance migrant,4,Forest,Insects,Foliage Gleaner,SD,M,Closed,For,For,0.58
YTVI,Vireo flavifrons,Yellow-throated Vireo,7789,Vireo flavifrons,Vireo flavifrons,-1.612169039,-0.152152072,0.062397353,0.041776593,18,2.890371758,5,Neotropical migrant,12,Open Woodland,Insects,Foliage Gleaner,LD,M,Closed,Wood,Wood,0.5
